-- user_account (2)
insert into user_account (user_id, user_password, nickname, email, memo, created_at, created_by, modified_at, modified_by) values ('ella', '{noop}qwer1234', 'EllaCoo', 'ella@mail.com', 'I am Ella.', '2024-01-01 16:47:05', 'ella', '2024-01-01 16:47:05', 'ella');
insert into user_account (user_id, user_password, nickname, email, memo, created_at, created_by, modified_at, modified_by) values ('ella2', '{noop}qwer1234', '22', 'ella2@mail.com', 'I am Ella2.', '2024-01-01 16:47:05', 'ella2', '2024-01-01 16:47:05', 'ella2');

-- post (50)
insert into post (user_id, title, content, created_by, modified_by, created_at, modified_at) values ('ella', 'Duis bibendum, felis sed interdum venenatis, turpis enim blandit mi, in porttitor pede justo eu massa.', 'In hac habitasse platea dictumst. Maecenas ut massa quis augue luctus tincidunt. Nulla mollis molestie lorem. Quisque ut erat. Curabitur gravida nisi at nibh. In hac habitasse platea dictumst. Aliquam augue quam, sollicitudin vitae, consectetuer eget, rutrum at, lorem.', 'ella', 'ella', '2024-03-01 19:32:06', '2024-04-19 00:45:12');
insert into post (user_id, title, content, created_by, modified_by, created_at, modified_at) values ('ella', 'Integer non velit.', 'Nam congue, risus semper porta volutpat, quam pede lobortis ligula, sit amet eleifend pede libero quis orci. Nullam molestie nibh in lectus. Pellentesque at nulla. Suspendisse potenti. Cras in purus eu magna vulputate luctus. Cum sociis natoque penatibus et magnis dis parturient montes, nascetur ridiculus mus. Vivamus vestibulum sagittis sapien.', 'ella', 'ella', '2024-05-17 12:56:44', '2024-03-30 01:34:06');
insert into post (user_id, title, content, created_by, modified_by, created_at, modified_at) values ('ella', 'Suspendisse accumsan tortor quis turpis.', 'Aenean auctor gravida sem. Praesent id massa id nisl venenatis lacinia. Aenean sit amet justo. Morbi ut odio.', 'ella', 'ella', '2024-05-13 23:08:36', '2024-07-13 10:39:54');
insert into post (user_id, title, content, created_by, modified_by, created_at, modified_at) values ('ella', 'In congue.', 'Nulla tellus. In sagittis dui vel nisl.', 'ella', 'ella', '2024-05-14 16:47:05', '2024-05-13 19:14:40');
insert into post (user_id, title, content, created_by, modified_by, created_at, modified_at) values ('ella', 'Praesent lectus.', 'Praesent blandit.', 'ella', 'ella', '2024-01-31 07:03:22', '2024-01-25 09:08:26');
insert into post (user_id, title, content, created_by, modified_by, created_at, modified_at) values ('ella', 'Nam nulla.', 'Pellentesque ultrices mattis odio. Donec vitae nisi. Nam ultrices, libero non mattis pulvinar, nulla pede ullamcorper augue, a suscipit nulla elit ac nulla.', 'ella', 'ella', '2024-01-31 11:19:44', '2024-01-01 23:54:17');
insert into post (user_id, title, content, created_by, modified_by, created_at, modified_at) values ('ella', 'Lorem ipsum dolor sit amet, consectetuer adipiscing elit.', 'Pellentesque ultrices mattis odio. Donec vitae nisi. Nam ultrices, libero non mattis pulvinar, nulla pede ullamcorper augue, a suscipit nulla elit ac nulla.', 'ella', 'ella', '2024-06-15 14:28:28', '2024-02-09 22:51:37');
insert into post (user_id, title, content, created_by, modified_by, created_at, modified_at) values ('ella', 'Lorem ipsum dolor sit amet, consectetuer adipiscing elit.', 'Suspendisse ornare consequat lectus.', 'ella', 'ella', '2024-02-04 04:32:36', '2024-04-23 23:16:11');
insert into post (user_id, title, content, created_by, modified_by, created_at, modified_at) values ('ella', 'Nunc purus.', 'Nullam orci pede, venenatis non, sodales sed, tincidunt eu, felis. Fusce posuere felis sed lacus. Morbi sem mauris, laoreet ut, rhoncus aliquet, pulvinar sed, nisl. Nunc rhoncus dui vel sem. Sed sagittis. Nam congue, risus semper porta volutpat, quam pede lobortis ligula, sit amet eleifend pede libero quis orci. Nullam molestie nibh in lectus. Pellentesque at nulla. Suspendisse potenti. Cras in purus eu magna vulputate luctus.', 'ella', 'ella', '2024-02-26 14:05:06', '2024-05-07 02:08:42');
insert into post (user_id, title, content, created_by, modified_by, created_at, modified_at) values ('ella', 'Vestibulum ante ipsum primis in faucibus orci luctus et ultrices posuere cubilia Curae; Nulla dapibus dolor vel est.', 'Maecenas rhoncus aliquam lacus. Morbi quis tortor id nulla ultrices aliquet. Maecenas leo odio, condimentum id, luctus nec, molestie sed, justo. Pellentesque viverra pede ac diam. Cras pellentesque volutpat dui. Maecenas tristique, est et tempus semper, est quam pharetra magna, ac consequat metus sapien ut nunc. Vestibulum ante ipsum primis in faucibus orci luctus et ultrices posuere cubilia Curae; Mauris viverra diam vitae quam. Suspendisse potenti. Nullam porttitor lacus at turpis.', 'ella', 'ella', '2024-01-02 12:14:44', '2024-04-07 15:17:00');
insert into post (user_id, title, content, created_by, modified_by, created_at, modified_at) values ('ella', 'Nunc purus.', 'Aenean lectus. Pellentesque eget nunc.', 'ella', 'ella', '2024-04-28 08:08:04', '2024-03-21 09:32:16');
insert into post (user_id, title, content, created_by, modified_by, created_at, modified_at) values ('ella', 'Vivamus tortor.', 'Nullam molestie nibh in lectus. Pellentesque at nulla. Suspendisse potenti. Cras in purus eu magna vulputate luctus. Cum sociis natoque penatibus et magnis dis parturient montes, nascetur ridiculus mus. Vivamus vestibulum sagittis sapien.', 'ella', 'ella', '2024-06-30 18:04:01', '2024-06-11 15:49:08');
insert into post (user_id, title, content, created_by, modified_by, created_at, modified_at) values ('ella', 'Nam dui.', 'Fusce congue, diam id ornare imperdiet, sapien urna pretium nisl, ut volutpat sapien arcu sed augue. Aliquam erat volutpat. In congue. Etiam justo. Etiam pretium iaculis justo. In hac habitasse platea dictumst. Etiam faucibus cursus urna. Ut tellus. Nulla ut erat id mauris vulputate elementum. Nullam varius.', 'ella', 'ella', '2024-03-21 02:07:00', '2024-04-11 04:39:29');
insert into post (user_id, title, content, created_by, modified_by, created_at, modified_at) values ('ella', 'Mauris lacinia sapien quis libero.', 'Morbi sem mauris, laoreet ut, rhoncus aliquet, pulvinar sed, nisl. Nunc rhoncus dui vel sem. Sed sagittis. Nam congue, risus semper porta volutpat, quam pede lobortis ligula, sit amet eleifend pede libero quis orci. Nullam molestie nibh in lectus. Pellentesque at nulla. Suspendisse potenti.', 'ella', 'ella', '2024-01-10 16:14:27', '2024-03-29 12:10:09');
insert into post (user_id, title, content, created_by, modified_by, created_at, modified_at) values ('ella', 'Duis mattis egestas metus.', 'Sed accumsan felis. Ut at dolor quis odio consequat varius. Integer ac leo. Pellentesque ultrices mattis odio. Donec vitae nisi. Nam ultrices, libero non mattis pulvinar, nulla pede ullamcorper augue, a suscipit nulla elit ac nulla. Sed vel enim sit amet nunc viverra dapibus. Nulla suscipit ligula in lacus. Curabitur at ipsum ac tellus semper interdum. Mauris ullamcorper purus sit amet nulla.', 'ella', 'ella', '2024-03-15 15:56:26', '2024-05-20 14:38:23');
insert into post (user_id, title, content, created_by, modified_by, created_at, modified_at) values ('ella', 'Sed accumsan felis.', 'Aliquam non mauris. Morbi non lectus. Aliquam sit amet diam in magna bibendum imperdiet. Nullam orci pede, venenatis non, sodales sed, tincidunt eu, felis. Fusce posuere felis sed lacus. Morbi sem mauris, laoreet ut, rhoncus aliquet, pulvinar sed, nisl. Nunc rhoncus dui vel sem. Sed sagittis. Nam congue, risus semper porta volutpat, quam pede lobortis ligula, sit amet eleifend pede libero quis orci.', 'ella', 'ella', '2024-05-03 17:19:46', '2024-02-07 11:36:47');
insert into post (user_id, title, content, created_by, modified_by, created_at, modified_at) values ('ella', 'Cum sociis natoque penatibus et magnis dis parturient montes, nascetur ridiculus mus.', 'Integer ac leo. Pellentesque ultrices mattis odio.', 'ella', 'ella', '2024-05-30 14:28:37', '2024-03-22 08:20:01');
insert into post (user_id, title, content, created_by, modified_by, created_at, modified_at) values ('ella', 'Morbi a ipsum.', 'Etiam vel augue. Vestibulum rutrum rutrum neque.', 'ella', 'ella', '2024-03-15 21:51:12', '2024-05-05 03:05:48');
insert into post (user_id, title, content, created_by, modified_by, created_at, modified_at) values ('ella', 'Morbi vel lectus in quam fringilla rhoncus.', 'Vivamus metus arcu, adipiscing molestie, hendrerit at, vulputate vitae, nisl. Aenean lectus. Pellentesque eget nunc. Donec quis orci eget orci vehicula condimentum. Curabitur in libero ut massa volutpat convallis. Morbi odio odio, elementum eu, interdum eu, tincidunt in, leo. Maecenas pulvinar lobortis est. Phasellus sit amet erat.', 'ella', 'ella', '2024-06-21 01:06:02', '2024-03-28 23:38:07');
insert into post (user_id, title, content, created_by, modified_by, created_at, modified_at) values ('ella', 'Vivamus metus arcu, adipiscing molestie, hendrerit at, vulputate vitae, nisl.', 'Aliquam sit amet diam in magna bibendum imperdiet. Nullam orci pede, venenatis non, sodales sed, tincidunt eu, felis. Fusce posuere felis sed lacus. Morbi sem mauris, laoreet ut, rhoncus aliquet, pulvinar sed, nisl. Nunc rhoncus dui vel sem. Sed sagittis.', 'ella', 'ella', '2024-07-13 04:17:15', '2024-02-19 21:28:05');
insert into post (user_id, title, content, created_by, modified_by, created_at, modified_at) values ('ella', 'Morbi ut odio.', 'Aliquam non mauris. Morbi non lectus. Aliquam sit amet diam in magna bibendum imperdiet. Nullam orci pede, venenatis non, sodales sed, tincidunt eu, felis.', 'ella', 'ella', '2024-06-25 18:20:19', '2024-07-22 01:53:07');
insert into post (user_id, title, content, created_by, modified_by, created_at, modified_at) values ('ella', 'Integer ac neque.', 'Aliquam augue quam, sollicitudin vitae, consectetuer eget, rutrum at, lorem. Integer tincidunt ante vel ipsum. Praesent blandit lacinia erat. Vestibulum sed magna at nunc commodo placerat. Praesent blandit. Nam nulla. Integer pede justo, lacinia eget, tincidunt eget, tempus vel, pede. Morbi porttitor lorem id ligula.', 'ella', 'ella', '2024-01-22 23:46:00', '2024-02-29 19:56:53');
insert into post (user_id, title, content, created_by, modified_by, created_at, modified_at) values ('ella', 'Nulla mollis molestie lorem.', 'Fusce posuere felis sed lacus. Morbi sem mauris, laoreet ut, rhoncus aliquet, pulvinar sed, nisl. Nunc rhoncus dui vel sem.', 'ella', 'ella', '2024-02-04 19:38:27', '2024-01-02 12:23:06');
insert into post (user_id, title, content, created_by, modified_by, created_at, modified_at) values ('ella', 'Morbi non lectus.', 'Cras pellentesque volutpat dui. Maecenas tristique, est et tempus semper, est quam pharetra magna, ac consequat metus sapien ut nunc. Vestibulum ante ipsum primis in faucibus orci luctus et ultrices posuere cubilia Curae; Mauris viverra diam vitae quam. Suspendisse potenti. Nullam porttitor lacus at turpis. Donec posuere metus vitae ipsum. Aliquam non mauris.', 'ella', 'ella', '2024-07-08 06:12:05', '2024-01-03 11:46:51');
insert into post (user_id, title, content, created_by, modified_by, created_at, modified_at) values ('ella', 'In tempor, turpis nec euismod scelerisque, quam turpis adipiscing lorem, vitae mattis nibh ligula nec sem.', 'Pellentesque ultrices mattis odio.', 'ella', 'ella', '2024-06-15 18:55:47', '2024-05-07 18:38:21');
insert into post (user_id, title, content, created_by, modified_by, created_at, modified_at) values ('ella', 'Phasellus in felis.', 'Morbi non lectus. Aliquam sit amet diam in magna bibendum imperdiet. Nullam orci pede, venenatis non, sodales sed, tincidunt eu, felis. Fusce posuere felis sed lacus. Morbi sem mauris, laoreet ut, rhoncus aliquet, pulvinar sed, nisl. Nunc rhoncus dui vel sem. Sed sagittis. Nam congue, risus semper porta volutpat, quam pede lobortis ligula, sit amet eleifend pede libero quis orci. Nullam molestie nibh in lectus.', 'ella', 'ella', '2024-06-04 06:29:01', '2024-03-14 01:07:40');
insert into post (user_id, title, content, created_by, modified_by, created_at, modified_at) values ('ella', 'Nulla suscipit ligula in lacus.', 'Vestibulum ante ipsum primis in faucibus orci luctus et ultrices posuere cubilia Curae; Nulla dapibus dolor vel est. Donec odio justo, sollicitudin ut, suscipit a, feugiat et, eros. Vestibulum ac est lacinia nisi venenatis tristique. Fusce congue, diam id ornare imperdiet, sapien urna pretium nisl, ut volutpat sapien arcu sed augue. Aliquam erat volutpat. In congue. Etiam justo.', 'ella', 'ella', '2024-05-14 16:52:51', '2024-01-24 07:28:31');
insert into post (user_id, title, content, created_by, modified_by, created_at, modified_at) values ('ella2', 'Proin risus.', 'Duis at velit eu est congue elementum. In hac habitasse platea dictumst. Morbi vestibulum, velit id pretium iaculis, diam erat fermentum justo, nec condimentum neque sapien placerat ante. Nulla justo. Aliquam quis turpis eget elit sodales scelerisque.', 'ella2', 'ella2', '2024-07-15 00:58:12', '2024-01-21 06:26:24');
insert into post (user_id, title, content, created_by, modified_by, created_at, modified_at) values ('ella', 'Lorem ipsum dolor sit amet, consectetuer adipiscing elit.', 'Proin at turpis a pede posuere nonummy. Integer non velit. Donec diam neque, vestibulum eget, vulputate ut, ultrices vel, augue. Vestibulum ante ipsum primis in faucibus orci luctus et ultrices posuere cubilia Curae; Donec pharetra, magna vestibulum aliquet ultrices, erat tortor sollicitudin mi, sit amet lobortis sapien sapien non mi. Integer ac neque. Duis bibendum. Morbi non quam nec dui luctus rutrum.', 'ella', 'ella', '2024-02-12 12:41:44', '2024-03-30 20:20:14');
insert into post (user_id, title, content, created_by, modified_by, created_at, modified_at) values ('ella', 'Mauris ullamcorper purus sit amet nulla.', 'Donec diam neque, vestibulum eget, vulputate ut, ultrices vel, augue. Vestibulum ante ipsum primis in faucibus orci luctus et ultrices posuere cubilia Curae; Donec pharetra, magna vestibulum aliquet ultrices, erat tortor sollicitudin mi, sit amet lobortis sapien sapien non mi. Integer ac neque. Duis bibendum. Morbi non quam nec dui luctus rutrum. Nulla tellus.', 'ella', 'ella', '2024-07-09 19:41:38', '2024-06-01 23:14:11');
insert into post (user_id, title, content, created_by, modified_by, created_at, modified_at) values ('ella', 'Integer a nibh.', 'Nulla ut erat id mauris vulputate elementum. Nullam varius. Nulla facilisi.', 'ella', 'ella', '2024-01-03 07:17:31', '2024-04-18 03:39:09');
insert into post (user_id, title, content, created_by, modified_by, created_at, modified_at) values ('ella', 'Maecenas ut massa quis augue luctus tincidunt.', 'Suspendisse potenti. In eleifend quam a odio. In hac habitasse platea dictumst. Maecenas ut massa quis augue luctus tincidunt. Nulla mollis molestie lorem. Quisque ut erat. Curabitur gravida nisi at nibh. In hac habitasse platea dictumst.', 'ella', 'ella', '2024-05-14 10:13:18', '2024-04-08 16:50:48');
insert into post (user_id, title, content, created_by, modified_by, created_at, modified_at) values ('ella', 'Pellentesque at nulla.', 'Morbi a ipsum. Integer a nibh. In quis justo. Maecenas rhoncus aliquam lacus. Morbi quis tortor id nulla ultrices aliquet. Maecenas leo odio, condimentum id, luctus nec, molestie sed, justo. Pellentesque viverra pede ac diam. Cras pellentesque volutpat dui. Maecenas tristique, est et tempus semper, est quam pharetra magna, ac consequat metus sapien ut nunc. Vestibulum ante ipsum primis in faucibus orci luctus et ultrices posuere cubilia Curae; Mauris viverra diam vitae quam.', 'ella', 'ella', '2024-05-14 03:32:45', '2024-07-14 16:09:28');
insert into post (user_id, title, content, created_by, modified_by, created_at, modified_at) values ('ella', 'Praesent blandit lacinia erat.', 'Nulla ut erat id mauris vulputate elementum. Nullam varius. Nulla facilisi. Cras non velit nec nisi vulputate nonummy. Maecenas tincidunt lacus at velit. Vivamus vel nulla eget eros elementum pellentesque. Quisque porta volutpat erat. Quisque erat eros, viverra eget, congue eget, semper rutrum, nulla. Nunc purus.', 'ella', 'ella', '2024-03-04 19:18:41', '2024-02-08 12:28:39');
insert into post (user_id, title, content, created_by, modified_by, created_at, modified_at) values ('ella', 'Nam nulla.', 'Duis mattis egestas metus. Aenean fermentum. Donec ut mauris eget massa tempor convallis. Nulla neque libero, convallis eget, eleifend luctus, ultricies eu, nibh.', 'ella', 'ella', '2024-02-01 07:40:15', '2024-02-26 19:37:43');
insert into post (user_id, title, content, created_by, modified_by, created_at, modified_at) values ('ella', 'Proin interdum mauris non ligula pellentesque ultrices.', 'Integer ac neque. Duis bibendum. Morbi non quam nec dui luctus rutrum. Nulla tellus.', 'ella', 'ella', '2024-01-22 15:57:36', '2024-01-24 04:22:41');
insert into post (user_id, title, content, created_by, modified_by, created_at, modified_at) values ('ella', 'Maecenas ut massa quis augue luctus tincidunt.', 'Vivamus vel nulla eget eros elementum pellentesque. Quisque porta volutpat erat. Quisque erat eros, viverra eget, congue eget, semper rutrum, nulla. Nunc purus.', 'ella', 'ella', '2024-03-02 10:48:53', '2024-05-22 21:09:03');
insert into post (user_id, title, content, created_by, modified_by, created_at, modified_at) values ('ella', 'Phasellus sit amet erat.', 'Quisque ut erat. Curabitur gravida nisi at nibh. In hac habitasse platea dictumst. Aliquam augue quam, sollicitudin vitae, consectetuer eget, rutrum at, lorem. Integer tincidunt ante vel ipsum. Praesent blandit lacinia erat. Vestibulum sed magna at nunc commodo placerat.', 'ella', 'ella', '2024-04-17 02:54:09', '2024-07-25 05:43:16');
insert into post (user_id, title, content, created_by, modified_by, created_at, modified_at) values ('ella', 'Vivamus vestibulum sagittis sapien.', 'Morbi non lectus. Aliquam sit amet diam in magna bibendum imperdiet. Nullam orci pede, venenatis non, sodales sed, tincidunt eu, felis. Fusce posuere felis sed lacus. Morbi sem mauris, laoreet ut, rhoncus aliquet, pulvinar sed, nisl. Nunc rhoncus dui vel sem. Sed sagittis. Nam congue, risus semper porta volutpat, quam pede lobortis ligula, sit amet eleifend pede libero quis orci. Nullam molestie nibh in lectus.', 'ella', 'ella', '2024-01-13 08:50:51', '2024-07-09 18:34:29');
insert into post (user_id, title, content, created_by, modified_by, created_at, modified_at) values ('ella', 'Mauris sit amet eros.', 'Etiam faucibus cursus urna. Ut tellus. Nulla ut erat id mauris vulputate elementum. Nullam varius. Nulla facilisi.', 'ella', 'ella', '2024-01-08 03:29:43', '2024-07-21 14:27:14');
insert into post (user_id, title, content, created_by, modified_by, created_at, modified_at) values ('ella', 'Sed vel enim sit amet nunc viverra dapibus.', 'Vestibulum ac est lacinia nisi venenatis tristique. Fusce congue, diam id ornare imperdiet, sapien urna pretium nisl, ut volutpat sapien arcu sed augue. Aliquam erat volutpat.', 'ella', 'ella', '2024-04-14 02:17:08', '2024-06-18 18:16:57');
insert into post (user_id, title, content, created_by, modified_by, created_at, modified_at) values ('ella', 'Nullam orci pede, venenatis non, sodales sed, tincidunt eu, felis.', 'Vivamus metus arcu, adipiscing molestie, hendrerit at, vulputate vitae, nisl. Aenean lectus. Pellentesque eget nunc. Donec quis orci eget orci vehicula condimentum. Curabitur in libero ut massa volutpat convallis.', 'ella', 'ella', '2024-04-26 01:02:03', '2024-07-06 13:17:27');
insert into post (user_id, title, content, created_by, modified_by, created_at, modified_at) values ('ella', 'Donec semper sapien a libero.', 'Aenean fermentum. Donec ut mauris eget massa tempor convallis. Nulla neque libero, convallis eget, eleifend luctus, ultricies eu, nibh. Quisque id justo sit amet sapien dignissim vestibulum. Vestibulum ante ipsum primis in faucibus orci luctus et ultrices posuere cubilia Curae; Nulla dapibus dolor vel est. Donec odio justo, sollicitudin ut, suscipit a, feugiat et, eros. Vestibulum ac est lacinia nisi venenatis tristique. Fusce congue, diam id ornare imperdiet, sapien urna pretium nisl, ut volutpat sapien arcu sed augue. Aliquam erat volutpat. In congue.', 'ella', 'ella', '2024-03-31 01:32:42', '2024-03-12 00:29:44');
insert into post (user_id, title, content, created_by, modified_by, created_at, modified_at) values ('ella', 'Duis ac nibh.', 'Maecenas tristique, est et tempus semper, est quam pharetra magna, ac consequat metus sapien ut nunc.', 'ella', 'ella', '2024-06-16 21:41:10', '2024-04-06 21:04:58');
insert into post (user_id, title, content, created_by, modified_by, created_at, modified_at) values ('ella', 'Sed sagittis.', 'Mauris lacinia sapien quis libero. Nullam sit amet turpis elementum ligula vehicula consequat. Morbi a ipsum. Integer a nibh. In quis justo. Maecenas rhoncus aliquam lacus. Morbi quis tortor id nulla ultrices aliquet. Maecenas leo odio, condimentum id, luctus nec, molestie sed, justo. Pellentesque viverra pede ac diam. Cras pellentesque volutpat dui.', 'ella', 'ella', '2024-07-06 19:00:02', '2024-07-12 11:21:49');
insert into post (user_id, title, content, created_by, modified_by, created_at, modified_at) values ('ella', 'Etiam vel augue.', 'Duis aliquam convallis nunc. Proin at turpis a pede posuere nonummy. Integer non velit.', 'ella', 'ella', '2024-06-17 03:57:55', '2024-05-21 04:53:59');
insert into post (user_id, title, content, created_by, modified_by, created_at, modified_at) values ('ella', 'Duis bibendum.', 'Maecenas rhoncus aliquam lacus.', 'ella', 'ella', '2024-06-11 21:07:06', '2024-02-02 21:02:41');
insert into post (user_id, title, content, created_by, modified_by, created_at, modified_at) values ('ella', 'In sagittis dui vel nisl.', 'Duis aliquam convallis nunc. Proin at turpis a pede posuere nonummy. Integer non velit. Donec diam neque, vestibulum eget, vulputate ut, ultrices vel, augue.', 'ella', 'ella', '2024-04-06 23:22:24', '2024-06-06 08:01:37');
insert into post (user_id, title, content, created_by, modified_by, created_at, modified_at) values ('ella', 'Praesent id massa id nisl venenatis lacinia.', 'Morbi sem mauris, laoreet ut, rhoncus aliquet, pulvinar sed, nisl.', 'ella', 'ella', '2024-07-25 09:15:13', '2024-07-02 14:23:14');
insert into post (user_id, title, content, created_by, modified_by, created_at, modified_at) values ('ella', 'Nulla mollis molestie lorem.', 'Nullam orci pede, venenatis non, sodales sed, tincidunt eu, felis. Fusce posuere felis sed lacus. Morbi sem mauris, laoreet ut, rhoncus aliquet, pulvinar sed, nisl. Nunc rhoncus dui vel sem. Sed sagittis.', 'ella', 'ella', '2024-06-20 23:13:46', '2024-04-24 04:52:42');

-- post_comment (200)
insert into post_comment (post_id, user_id, parent_comment_id, content, created_at, modified_at, created_by, modified_by) values (39, 'ella2', null, 'Vivamus in felis eu sapien cursus vestibulum.', '2024-08-01 00:00:00', '2024-08-01 00:00:00', 'ella2', 'ella2');
insert into post_comment (post_id, user_id, parent_comment_id, content, created_at, modified_at, created_by, modified_by) values (36, 'ella2', null, 'Cum sociis natoque penatibus et magnis dis parturient montes, nascetur ridiculus mus.', '2024-08-01 00:00:00', '2024-08-01 00:00:00', 'ella', 'ella');
insert into post_comment (post_id, user_id, parent_comment_id, content, created_at, modified_at, created_by, modified_by) values (38, 'ella', null, 'Phasellus id sapien in sapien iaculis congue.', '2024-08-01 00:00:00', '2024-08-01 00:00:00', 'ella', 'ella2');
insert into post_comment (post_id, user_id, parent_comment_id, content, created_at, modified_at, created_by, modified_by) values (47, 'ella2', null, 'Sed accumsan felis.', '2024-08-01 00:00:00', '2024-08-01 00:00:00', 'ella2', 'ella');
insert into post_comment (post_id, user_id, parent_comment_id, content, created_at, modified_at, created_by, modified_by) values (18, 'ella2', null, 'Nunc purus.', '2024-08-01 00:00:00', '2024-08-01 00:00:00', 'ella', 'ella');
insert into post_comment (post_id, user_id, parent_comment_id, content, created_at, modified_at, created_by, modified_by) values (22, 'ella2', null, 'Aenean lectus.', '2024-08-01 00:00:00', '2024-08-01 00:00:00', 'ella', 'ella2');
insert into post_comment (post_id, user_id, parent_comment_id, content, created_at, modified_at, created_by, modified_by) values (48, 'ella', null, 'Quisque id justo sit amet sapien dignissim vestibulum.', '2024-08-01 00:00:00', '2024-08-01 00:00:00', 'ella2', 'ella2');
insert into post_comment (post_id, user_id, parent_comment_id, content, created_at, modified_at, created_by, modified_by) values (30, 'ella2', null, 'Integer ac neque.', '2024-08-01 00:00:00', '2024-08-01 00:00:00', 'ella2', 'ella2');
insert into post_comment (post_id, user_id, parent_comment_id, content, created_at, modified_at, created_by, modified_by) values (16, 'ella2', null, 'Nulla nisl.', '2024-08-01 00:00:00', '2024-08-01 00:00:00', 'ella', 'ella');
insert into post_comment (post_id, user_id, parent_comment_id, content, created_at, modified_at, created_by, modified_by) values (13, 'ella', null, 'Nulla mollis molestie lorem.', '2024-08-01 00:00:00', '2024-08-01 00:00:00', 'ella', 'ella');
insert into post_comment (post_id, user_id, parent_comment_id, content, created_at, modified_at, created_by, modified_by) values (11, 'ella', null, 'Donec odio justo, sollicitudin ut, suscipit a, feugiat et, eros.', '2024-08-01 00:00:00', '2024-08-01 00:00:00', 'ella2', 'ella2');
insert into post_comment (post_id, user_id, parent_comment_id, content, created_at, modified_at, created_by, modified_by) values (13, 'ella2', null, 'Donec diam neque, vestibulum eget, vulputate ut, ultrices vel, augue.', '2024-08-01 00:00:00', '2024-08-01 00:00:00', 'ella', 'ella');
insert into post_comment (post_id, user_id, parent_comment_id, content, created_at, modified_at, created_by, modified_by) values (31, 'ella2', null, 'Mauris ullamcorper purus sit amet nulla.', '2024-08-01 00:00:00', '2024-08-01 00:00:00', 'ella2', 'ella');
insert into post_comment (post_id, user_id, parent_comment_id, content, created_at, modified_at, created_by, modified_by) values (29, 'ella', null, 'Morbi non quam nec dui luctus rutrum.', '2024-08-01 00:00:00', '2024-08-01 00:00:00', 'ella2', 'ella2');
insert into post_comment (post_id, user_id, parent_comment_id, content, created_at, modified_at, created_by, modified_by) values (48, 'ella2', null, 'Duis mattis egestas metus.', '2024-08-01 00:00:00', '2024-08-01 00:00:00', 'ella', 'ella2');
insert into post_comment (post_id, user_id, parent_comment_id, content, created_at, modified_at, created_by, modified_by) values (25, 'ella', null, 'Quisque ut erat.', '2024-08-01 00:00:00', '2024-08-01 00:00:00', 'ella', 'ella2');
insert into post_comment (post_id, user_id, parent_comment_id, content, created_at, modified_at, created_by, modified_by) values (9, 'ella2', null, 'Morbi sem mauris, laoreet ut, rhoncus aliquet, pulvinar sed, nisl.', '2024-08-01 00:00:00', '2024-08-01 00:00:00', 'ella2', 'ella');
insert into post_comment (post_id, user_id, parent_comment_id, content, created_at, modified_at, created_by, modified_by) values (8, 'ella', null, 'Cras non velit nec nisi vulputate nonummy.', '2024-08-01 00:00:00', '2024-08-01 00:00:00', 'ella2', 'ella');
insert into post_comment (post_id, user_id, parent_comment_id, content, created_at, modified_at, created_by, modified_by) values (13, 'ella', null, 'Morbi non lectus.', '2024-08-01 00:00:00', '2024-08-01 00:00:00', 'ella2', 'ella2');
insert into post_comment (post_id, user_id, parent_comment_id, content, created_at, modified_at, created_by, modified_by) values (4, 'ella', null, 'Vestibulum ante ipsum primis in faucibus orci luctus et ultrices posuere cubilia Curae; Donec pharetra, magna vestibulum aliquet ultrices, erat tortor sollicitudin mi, sit amet lobortis sapien sapien non mi.', '2024-08-01 00:00:00', '2024-08-01 00:00:00', 'ella2', 'ella');
insert into post_comment (post_id, user_id, parent_comment_id, content, created_at, modified_at, created_by, modified_by) values (1, 'ella2', null, 'Praesent blandit lacinia erat.', '2024-08-01 00:00:00', '2024-08-01 00:00:00', 'ella2', 'ella2');
insert into post_comment (post_id, user_id, parent_comment_id, content, created_at, modified_at, created_by, modified_by) values (12, 'ella2', null, 'In hac habitasse platea dictumst.', '2024-08-01 00:00:00', '2024-08-01 00:00:00', 'ella', 'ella');
insert into post_comment (post_id, user_id, parent_comment_id, content, created_at, modified_at, created_by, modified_by) values (11, 'ella2', null, 'Vivamus in felis eu sapien cursus vestibulum.', '2024-08-01 00:00:00', '2024-08-01 00:00:00', 'ella', 'ella2');
insert into post_comment (post_id, user_id, parent_comment_id, content, created_at, modified_at, created_by, modified_by) values (13, 'ella', null, 'Nam dui.', '2024-08-01 00:00:00', '2024-08-01 00:00:00', 'ella', 'ella2');
insert into post_comment (post_id, user_id, parent_comment_id, content, created_at, modified_at, created_by, modified_by) values (32, 'ella2', null, 'Nulla ut erat id mauris vulputate elementum.', '2024-08-01 00:00:00', '2024-08-01 00:00:00', 'ella', 'ella2');
insert into post_comment (post_id, user_id, parent_comment_id, content, created_at, modified_at, created_by, modified_by) values (41, 'ella2', null, 'Cum sociis natoque penatibus et magnis dis parturient montes, nascetur ridiculus mus.', '2024-08-01 00:00:00', '2024-08-01 00:00:00', 'ella', 'ella');
insert into post_comment (post_id, user_id, parent_comment_id, content, created_at, modified_at, created_by, modified_by) values (50, 'ella', null, 'Morbi ut odio.', '2024-08-01 00:00:00', '2024-08-01 00:00:00', 'ella', 'ella');
insert into post_comment (post_id, user_id, parent_comment_id, content, created_at, modified_at, created_by, modified_by) values (34, 'ella2', null, 'Cras in purus eu magna vulputate luctus.', '2024-08-01 00:00:00', '2024-08-01 00:00:00', 'ella2', 'ella');
insert into post_comment (post_id, user_id, parent_comment_id, content, created_at, modified_at, created_by, modified_by) values (36, 'ella2', null, 'Etiam pretium iaculis justo.', '2024-08-01 00:00:00', '2024-08-01 00:00:00', 'ella', 'ella2');
insert into post_comment (post_id, user_id, parent_comment_id, content, created_at, modified_at, created_by, modified_by) values (23, 'ella', null, 'Donec diam neque, vestibulum eget, vulputate ut, ultrices vel, augue.', '2024-08-01 00:00:00', '2024-08-01 00:00:00', 'ella2', 'ella2');
insert into post_comment (post_id, user_id, parent_comment_id, content, created_at, modified_at, created_by, modified_by) values (18, 'ella2', null, 'Donec dapibus.', '2024-08-01 00:00:00', '2024-08-01 00:00:00', 'ella', 'ella');
insert into post_comment (post_id, user_id, parent_comment_id, content, created_at, modified_at, created_by, modified_by) values (13, 'ella2', null, 'Praesent id massa id nisl venenatis lacinia.', '2024-08-01 00:00:00', '2024-08-01 00:00:00', 'ella2', 'ella');
insert into post_comment (post_id, user_id, parent_comment_id, content, created_at, modified_at, created_by, modified_by) values (32, 'ella2', null, 'Donec semper sapien a libero.', '2024-08-01 00:00:00', '2024-08-01 00:00:00', 'ella', 'ella2');
insert into post_comment (post_id, user_id, parent_comment_id, content, created_at, modified_at, created_by, modified_by) values (27, 'ella2', null, 'Duis mattis egestas metus.', '2024-08-01 00:00:00', '2024-08-01 00:00:00', 'ella2', 'ella2');
insert into post_comment (post_id, user_id, parent_comment_id, content, created_at, modified_at, created_by, modified_by) values (47, 'ella2', null, 'Mauris ullamcorper purus sit amet nulla.', '2024-08-01 00:00:00', '2024-08-01 00:00:00', 'ella2', 'ella2');
insert into post_comment (post_id, user_id, parent_comment_id, content, created_at, modified_at, created_by, modified_by) values (6, 'ella2', null, 'Maecenas ut massa quis augue luctus tincidunt.', '2024-08-01 00:00:00', '2024-08-01 00:00:00', 'ella2', 'ella');
insert into post_comment (post_id, user_id, parent_comment_id, content, created_at, modified_at, created_by, modified_by) values (21, 'ella', null, 'Pellentesque eget nunc.', '2024-08-01 00:00:00', '2024-08-01 00:00:00', 'ella', 'ella2');
insert into post_comment (post_id, user_id, parent_comment_id, content, created_at, modified_at, created_by, modified_by) values (30, 'ella2', null, 'Nam tristique tortor eu pede.', '2024-08-01 00:00:00', '2024-08-01 00:00:00', 'ella2', 'ella');
insert into post_comment (post_id, user_id, parent_comment_id, content, created_at, modified_at, created_by, modified_by) values (39, 'ella2', null, 'Nullam molestie nibh in lectus.', '2024-08-01 00:00:00', '2024-08-01 00:00:00', 'ella', 'ella');
insert into post_comment (post_id, user_id, parent_comment_id, content, created_at, modified_at, created_by, modified_by) values (18, 'ella', null, 'Nam ultrices, libero non mattis pulvinar, nulla pede ullamcorper augue, a suscipit nulla elit ac nulla.', '2024-08-01 00:00:00', '2024-08-01 00:00:00', 'ella', 'ella2');
insert into post_comment (post_id, user_id, parent_comment_id, content, created_at, modified_at, created_by, modified_by) values (41, 'ella2', null, 'In hac habitasse platea dictumst.', '2024-08-01 00:00:00', '2024-08-01 00:00:00', 'ella2', 'ella');
insert into post_comment (post_id, user_id, parent_comment_id, content, created_at, modified_at, created_by, modified_by) values (46, 'ella2', null, 'Quisque arcu libero, rutrum ac, lobortis vel, dapibus at, diam.', '2024-08-01 00:00:00', '2024-08-01 00:00:00', 'ella2', 'ella2');
insert into post_comment (post_id, user_id, parent_comment_id, content, created_at, modified_at, created_by, modified_by) values (20, 'ella2', null, 'Vestibulum sed magna at nunc commodo placerat.', '2024-08-01 00:00:00', '2024-08-01 00:00:00', 'ella', 'ella');
insert into post_comment (post_id, user_id, parent_comment_id, content, created_at, modified_at, created_by, modified_by) values (23, 'ella', null, 'Etiam vel augue.', '2024-08-01 00:00:00', '2024-08-01 00:00:00', 'ella', 'ella');
insert into post_comment (post_id, user_id, parent_comment_id, content, created_at, modified_at, created_by, modified_by) values (32, 'ella2', null, 'Aliquam quis turpis eget elit sodales scelerisque.', '2024-08-01 00:00:00', '2024-08-01 00:00:00', 'ella', 'ella2');
insert into post_comment (post_id, user_id, parent_comment_id, content, created_at, modified_at, created_by, modified_by) values (42, 'ella2', null, 'Fusce consequat.', '2024-08-01 00:00:00', '2024-08-01 00:00:00', 'ella', 'ella');
insert into post_comment (post_id, user_id, parent_comment_id, content, created_at, modified_at, created_by, modified_by) values (13, 'ella', null, 'Vestibulum ante ipsum primis in faucibus orci luctus et ultrices posuere cubilia Curae; Duis faucibus accumsan odio.', '2024-08-01 00:00:00', '2024-08-01 00:00:00', 'ella', 'ella');
insert into post_comment (post_id, user_id, parent_comment_id, content, created_at, modified_at, created_by, modified_by) values (25, 'ella', null, 'Phasellus in felis.', '2024-08-01 00:00:00', '2024-08-01 00:00:00', 'ella2', 'ella2');
insert into post_comment (post_id, user_id, parent_comment_id, content, created_at, modified_at, created_by, modified_by) values (24, 'ella', null, 'In quis justo.', '2024-08-01 00:00:00', '2024-08-01 00:00:00', 'ella', 'ella');
insert into post_comment (post_id, user_id, parent_comment_id, content, created_at, modified_at, created_by, modified_by) values (22, 'ella2', null, 'Integer a nibh.', '2024-08-01 00:00:00', '2024-08-01 00:00:00', 'ella2', 'ella');
insert into post_comment (post_id, user_id, parent_comment_id, content, created_at, modified_at, created_by, modified_by) values (7, 'ella', null, 'Nulla facilisi.', '2024-08-01 00:00:00', '2024-08-01 00:00:00', 'ella2', 'ella2');
insert into post_comment (post_id, user_id, parent_comment_id, content, created_at, modified_at, created_by, modified_by) values (12, 'ella2', null, 'Duis ac nibh.', '2024-08-01 00:00:00', '2024-08-01 00:00:00', 'ella2', 'ella2');
insert into post_comment (post_id, user_id, parent_comment_id, content, created_at, modified_at, created_by, modified_by) values (6, 'ella2', null, 'Donec ut dolor.', '2024-08-01 00:00:00', '2024-08-01 00:00:00', 'ella', 'ella');
insert into post_comment (post_id, user_id, parent_comment_id, content, created_at, modified_at, created_by, modified_by) values (14, 'ella', null, 'Duis consequat dui nec nisi volutpat eleifend.', '2024-08-01 00:00:00', '2024-08-01 00:00:00', 'ella2', 'ella');
insert into post_comment (post_id, user_id, parent_comment_id, content, created_at, modified_at, created_by, modified_by) values (17, 'ella2', null, 'Proin at turpis a pede posuere nonummy.', '2024-08-01 00:00:00', '2024-08-01 00:00:00', 'ella2', 'ella2');
insert into post_comment (post_id, user_id, parent_comment_id, content, created_at, modified_at, created_by, modified_by) values (27, 'ella', null, 'Mauris sit amet eros.', '2024-08-01 00:00:00', '2024-08-01 00:00:00', 'ella', 'ella');
insert into post_comment (post_id, user_id, parent_comment_id, content, created_at, modified_at, created_by, modified_by) values (15, 'ella2', null, 'Cras non velit nec nisi vulputate nonummy.', '2024-08-01 00:00:00', '2024-08-01 00:00:00', 'ella', 'ella2');
insert into post_comment (post_id, user_id, parent_comment_id, content, created_at, modified_at, created_by, modified_by) values (48, 'ella2', null, 'Cras non velit nec nisi vulputate nonummy.', '2024-08-01 00:00:00', '2024-08-01 00:00:00', 'ella2', 'ella');
insert into post_comment (post_id, user_id, parent_comment_id, content, created_at, modified_at, created_by, modified_by) values (49, 'ella', null, 'Vivamus metus arcu, adipiscing molestie, hendrerit at, vulputate vitae, nisl.', '2024-08-01 00:00:00', '2024-08-01 00:00:00', 'ella2', 'ella2');
insert into post_comment (post_id, user_id, parent_comment_id, content, created_at, modified_at, created_by, modified_by) values (45, 'ella', null, 'Nulla facilisi.', '2024-08-01 00:00:00', '2024-08-01 00:00:00', 'ella', 'ella');
insert into post_comment (post_id, user_id, parent_comment_id, content, created_at, modified_at, created_by, modified_by) values (30, 'ella2', 38, 'test222 : Pellentesque ultrices mattis odio.', '2024-08-01 00:00:00', '2024-08-01 00:00:00', 'ella2', 'ella2');
insert into post_comment (post_id, user_id, parent_comment_id, content, created_at, modified_at, created_by, modified_by) values (13, 'ella', null, 'Curabitur gravida nisi at nibh.', '2024-08-01 00:00:00', '2024-08-01 00:00:00', 'ella', 'ella2');
insert into post_comment (post_id, user_id, parent_comment_id, content, created_at, modified_at, created_by, modified_by) values (17, 'ella', null, 'Nulla ut erat id mauris vulputate elementum.', '2024-08-01 00:00:00', '2024-08-01 00:00:00', 'ella', 'ella');
insert into post_comment (post_id, user_id, parent_comment_id, content, created_at, modified_at, created_by, modified_by) values (25, 'ella2', null, 'Aenean fermentum.', '2024-08-01 00:00:00', '2024-08-01 00:00:00', 'ella2', 'ella2');
insert into post_comment (post_id, user_id, parent_comment_id, content, created_at, modified_at, created_by, modified_by) values (43, 'ella2', null, 'Nulla nisl.', '2024-08-01 00:00:00', '2024-08-01 00:00:00', 'ella', 'ella2');
insert into post_comment (post_id, user_id, parent_comment_id, content, created_at, modified_at, created_by, modified_by) values (30, 'ella2', 38, 'Proin eu mi.', '2024-08-02 00:00:00', '2024-08-01 00:00:00', 'ella2', 'ella2');
insert into post_comment (post_id, user_id, parent_comment_id, content, created_at, modified_at, created_by, modified_by) values (1, 'ella', null, 'Fusce consequat.', '2024-08-01 00:00:00', '2024-08-01 00:00:00', 'ella2', 'ella2');
insert into post_comment (post_id, user_id, parent_comment_id, content, created_at, modified_at, created_by, modified_by) values (45, 'ella2', null, 'Curabitur gravida nisi at nibh.', '2024-08-01 00:00:00', '2024-08-01 00:00:00', 'ella2', 'ella2');
insert into post_comment (post_id, user_id, parent_comment_id, content, created_at, modified_at, created_by, modified_by) values (9, 'ella2', null, 'Fusce posuere felis sed lacus.', '2024-08-01 00:00:00', '2024-08-01 00:00:00', 'ella2', 'ella');
insert into post_comment (post_id, user_id, parent_comment_id, content, created_at, modified_at, created_by, modified_by) values (40, 'ella2', null, 'Sed accumsan felis.', '2024-08-01 00:00:00', '2024-08-01 00:00:00', 'ella', 'ella2');
insert into post_comment (post_id, user_id, parent_comment_id, content, created_at, modified_at, created_by, modified_by) values (25, 'ella2', null, 'Cras pellentesque volutpat dui.', '2024-08-01 00:00:00', '2024-08-01 00:00:00', 'ella', 'ella');
insert into post_comment (post_id, user_id, parent_comment_id, content, created_at, modified_at, created_by, modified_by) values (18, 'ella2', null, 'Aliquam quis turpis eget elit sodales scelerisque.', '2024-08-01 00:00:00', '2024-08-01 00:00:00', 'ella2', 'ella2');
insert into post_comment (post_id, user_id, parent_comment_id, content, created_at, modified_at, created_by, modified_by) values (37, 'ella2', null, 'Morbi a ipsum.', '2024-08-01 00:00:00', '2024-08-01 00:00:00', 'ella2', 'ella');
insert into post_comment (post_id, user_id, parent_comment_id, content, created_at, modified_at, created_by, modified_by) values (35, 'ella', null, 'Maecenas rhoncus aliquam lacus.', '2024-08-01 00:00:00', '2024-08-01 00:00:00', 'ella2', 'ella2');
insert into post_comment (post_id, user_id, parent_comment_id, content, created_at, modified_at, created_by, modified_by) values (2, 'ella2', null, 'Curabitur convallis.', '2024-08-01 00:00:00', '2024-08-01 00:00:00', 'ella2', 'ella');
insert into post_comment (post_id, user_id, parent_comment_id, content, created_at, modified_at, created_by, modified_by) values (3, 'ella2', null, 'Vivamus metus arcu, adipiscing molestie, hendrerit at, vulputate vitae, nisl.', '2024-08-01 00:00:00', '2024-08-01 00:00:00', 'ella', 'ella');
insert into post_comment (post_id, user_id, parent_comment_id, content, created_at, modified_at, created_by, modified_by) values (19, 'ella', null, 'Etiam faucibus cursus urna.', '2024-08-01 00:00:00', '2024-08-01 00:00:00', 'ella2', 'ella');
insert into post_comment (post_id, user_id, parent_comment_id, content, created_at, modified_at, created_by, modified_by) values (28, 'ella2', null, 'Quisque arcu libero, rutrum ac, lobortis vel, dapibus at, diam.', '2024-08-01 00:00:00', '2024-08-01 00:00:00', 'ella', 'ella');
insert into post_comment (post_id, user_id, parent_comment_id, content, created_at, modified_at, created_by, modified_by) values (46, 'ella', null, 'Aenean fermentum.', '2024-08-01 00:00:00', '2024-08-01 00:00:00', 'ella', 'ella2');
insert into post_comment (post_id, user_id, parent_comment_id, content, created_at, modified_at, created_by, modified_by) values (49, 'ella', 59, 'Etiam vel augue.', '2024-08-01 00:00:00', '2024-08-01 00:00:00', 'ella2', 'ella');
insert into post_comment (post_id, user_id, parent_comment_id, content, created_at, modified_at, created_by, modified_by) values (14, 'ella', null, 'Morbi vel lectus in quam fringilla rhoncus.', '2024-08-01 00:00:00', '2024-08-01 00:00:00', 'ella2', 'ella');
insert into post_comment (post_id, user_id, parent_comment_id, content, created_at, modified_at, created_by, modified_by) values (33, 'ella', null, 'Quisque porta volutpat erat.', '2024-08-01 00:00:00', '2024-08-01 00:00:00', 'ella2', 'ella2');
insert into post_comment (post_id, user_id, parent_comment_id, content, created_at, modified_at, created_by, modified_by) values (38, 'ella2', null, 'Aliquam augue quam, sollicitudin vitae, consectetuer eget, rutrum at, lorem.', '2024-08-01 00:00:00', '2024-08-01 00:00:00', 'ella', 'ella2');
insert into post_comment (post_id, user_id, parent_comment_id, content, created_at, modified_at, created_by, modified_by) values (32, 'ella2', null, 'Nullam porttitor lacus at turpis.', '2024-08-01 00:00:00', '2024-08-01 00:00:00', 'ella', 'ella2');
insert into post_comment (post_id, user_id, parent_comment_id, content, created_at, modified_at, created_by, modified_by) values (29, 'ella', null, 'Vivamus vestibulum sagittis sapien.', '2024-08-01 00:00:00', '2024-08-01 00:00:00', 'ella2', 'ella');
insert into post_comment (post_id, user_id, parent_comment_id, content, created_at, modified_at, created_by, modified_by) values (39, 'ella2', null, 'Proin interdum mauris non ligula pellentesque ultrices.', '2024-08-01 00:00:00', '2024-08-01 00:00:00', 'ella', 'ella2');
insert into post_comment (post_id, user_id, parent_comment_id, content, created_at, modified_at, created_by, modified_by) values (28, 'ella', null, 'Nulla tellus.', '2024-08-01 00:00:00', '2024-08-01 00:00:00', 'ella', 'ella2');
insert into post_comment (post_id, user_id, parent_comment_id, content, created_at, modified_at, created_by, modified_by) values (28, 'ella2', null, 'Integer ac leo.', '2024-08-01 00:00:00', '2024-08-01 00:00:00', 'ella2', 'ella2');
insert into post_comment (post_id, user_id, parent_comment_id, content, created_at, modified_at, created_by, modified_by) values (7, 'ella', null, 'Quisque erat eros, viverra eget, congue eget, semper rutrum, nulla.', '2024-08-01 00:00:00', '2024-08-01 00:00:00', 'ella2', 'ella');
insert into post_comment (post_id, user_id, parent_comment_id, content, created_at, modified_at, created_by, modified_by) values (48, 'ella2', null, 'Morbi quis tortor id nulla ultrices aliquet.', '2024-08-01 00:00:00', '2024-08-01 00:00:00', 'ella2', 'ella2');
insert into post_comment (post_id, user_id, parent_comment_id, content, created_at, modified_at, created_by, modified_by) values (35, 'ella', null, 'Nunc rhoncus dui vel sem.', '2024-08-01 00:00:00', '2024-08-01 00:00:00', 'ella', 'ella2');
insert into post_comment (post_id, user_id, parent_comment_id, content, created_at, modified_at, created_by, modified_by) values (24, 'ella', null, 'Nulla mollis molestie lorem.', '2024-08-01 00:00:00', '2024-08-01 00:00:00', 'ella2', 'ella2');
insert into post_comment (post_id, user_id, parent_comment_id, content, created_at, modified_at, created_by, modified_by) values (19, 'ella2', null, 'In eleifend quam a odio.', '2024-08-01 00:00:00', '2024-08-01 00:00:00', 'ella', 'ella');
insert into post_comment (post_id, user_id, parent_comment_id, content, created_at, modified_at, created_by, modified_by) values (16, 'ella2', null, 'Nam congue, risus semper porta volutpat, quam pede lobortis ligula, sit amet eleifend pede libero quis orci.', '2024-08-01 00:00:00', '2024-08-01 00:00:00', 'ella2', 'ella');
insert into post_comment (post_id, user_id, parent_comment_id, content, created_at, modified_at, created_by, modified_by) values (42, 'ella2', null, 'Sed vel enim sit amet nunc viverra dapibus.', '2024-08-01 00:00:00', '2024-08-01 00:00:00', 'ella', 'ella');
insert into post_comment (post_id, user_id, parent_comment_id, content, created_at, modified_at, created_by, modified_by) values (30, 'ella', 38, 'test댓글111 : Fusce posuere felis sed lacus.', '2024-08-01 00:00:00', '2024-08-01 00:00:00', 'ella', 'ella');
insert into post_comment (post_id, user_id, parent_comment_id, content, created_at, modified_at, created_by, modified_by) values (23, 'ella', null, 'Etiam pretium iaculis justo.', '2024-08-01 00:00:00', '2024-08-01 00:00:00', 'ella2', 'ella');
insert into post_comment (post_id, user_id, parent_comment_id, content, created_at, modified_at, created_by, modified_by) values (39, 'ella2', null, 'In hac habitasse platea dictumst.', '2024-08-01 00:00:00', '2024-08-01 00:00:00', 'ella2', 'ella2');
insert into post_comment (post_id, user_id, parent_comment_id, content, created_at, modified_at, created_by, modified_by) values (44, 'ella', null, 'Donec vitae nisi.', '2024-08-01 00:00:00', '2024-08-01 00:00:00', 'ella2', 'ella');
insert into post_comment (post_id, user_id, parent_comment_id, content, created_at, modified_at, created_by, modified_by) values (1, 'ella2', null, 'Suspendisse potenti.', '2024-08-01 00:00:00', '2024-08-01 00:00:00', 'ella2', 'ella2');
insert into post_comment (post_id, user_id, parent_comment_id, content, created_at, modified_at, created_by, modified_by) values (44, 'ella2', null, 'Pellentesque viverra pede ac diam.', '2024-08-01 00:00:00', '2024-08-01 00:00:00', 'ella', 'ella');
insert into post_comment (post_id, user_id, parent_comment_id, content, created_at, modified_at, created_by, modified_by) values (39, 'ella', null, 'Etiam faucibus cursus urna.', '2024-08-01 00:00:00', '2024-08-01 00:00:00', 'ella2', 'ella');
insert into post_comment (post_id, user_id, parent_comment_id, content, created_at, modified_at, created_by, modified_by) values (5, 'ella', null, 'Phasellus in felis.', '2024-08-01 00:00:00', '2024-08-01 00:00:00', 'ella2', 'ella');
insert into post_comment (post_id, user_id, parent_comment_id, content, created_at, modified_at, created_by, modified_by) values (30, 'ella2', null, 'Fusce consequat.', '2024-08-01 00:00:00', '2024-08-01 00:00:00', 'ella', 'ella');
insert into post_comment (post_id, user_id, parent_comment_id, content, created_at, modified_at, created_by, modified_by) values (48, 'ella2', null, 'Donec dapibus.', '2024-08-01 00:00:00', '2024-08-01 00:00:00', 'ella', 'ella');
insert into post_comment (post_id, user_id, parent_comment_id, content, created_at, modified_at, created_by, modified_by) values (17, 'ella', null, 'In blandit ultrices enim.', '2024-08-01 00:00:00', '2024-08-01 00:00:00', 'ella', 'ella2');
insert into post_comment (post_id, user_id, parent_comment_id, content, created_at, modified_at, created_by, modified_by) values (40, 'ella', null, 'Mauris ullamcorper purus sit amet nulla.', '2024-08-01 00:00:00', '2024-08-01 00:00:00', 'ella2', 'ella');
insert into post_comment (post_id, user_id, parent_comment_id, content, created_at, modified_at, created_by, modified_by) values (45, 'ella', null, 'Fusce posuere felis sed lacus.', '2024-08-01 00:00:00', '2024-08-01 00:00:00', 'ella2', 'ella');
insert into post_comment (post_id, user_id, parent_comment_id, content, created_at, modified_at, created_by, modified_by) values (29, 'ella', null, 'Maecenas rhoncus aliquam lacus.', '2024-08-01 00:00:00', '2024-08-01 00:00:00', 'ella2', 'ella');
insert into post_comment (post_id, user_id, parent_comment_id, content, created_at, modified_at, created_by, modified_by) values (23, 'ella2', null, 'Nunc rhoncus dui vel sem.', '2024-08-01 00:00:00', '2024-08-01 00:00:00', 'ella2', 'ella');
insert into post_comment (post_id, user_id, parent_comment_id, content, created_at, modified_at, created_by, modified_by) values (2, 'ella2', null, 'Maecenas tristique, est et tempus semper, est quam pharetra magna, ac consequat metus sapien ut nunc.', '2024-08-01 00:00:00', '2024-08-01 00:00:00', 'ella2', 'ella');
insert into post_comment (post_id, user_id, parent_comment_id, content, created_at, modified_at, created_by, modified_by) values (30, 'ella2', null, 'Mauris sit amet eros.', '2024-08-01 00:00:00', '2024-08-01 00:00:00', 'ella2', 'ella2');
insert into post_comment (post_id, user_id, parent_comment_id, content, created_at, modified_at, created_by, modified_by) values (21, 'ella', null, 'Ut at dolor quis odio consequat varius.', '2024-08-01 00:00:00', '2024-08-01 00:00:00', 'ella', 'ella');
insert into post_comment (post_id, user_id, parent_comment_id, content, created_at, modified_at, created_by, modified_by) values (20, 'ella2', null, 'Nulla facilisi.', '2024-08-01 00:00:00', '2024-08-01 00:00:00', 'ella2', 'ella');
insert into post_comment (post_id, user_id, parent_comment_id, content, created_at, modified_at, created_by, modified_by) values (16, 'ella2', null, 'Aliquam quis turpis eget elit sodales scelerisque.', '2024-08-01 00:00:00', '2024-08-01 00:00:00', 'ella2', 'ella2');
insert into post_comment (post_id, user_id, parent_comment_id, content, created_at, modified_at, created_by, modified_by) values (4, 'ella', null, 'Etiam pretium iaculis justo.', '2024-08-01 00:00:00', '2024-08-01 00:00:00', 'ella2', 'ella2');
insert into post_comment (post_id, user_id, parent_comment_id, content, created_at, modified_at, created_by, modified_by) values (43, 'ella', null, 'Proin leo odio, porttitor id, consequat in, consequat ut, nulla.', '2024-08-01 00:00:00', '2024-08-01 00:00:00', 'ella2', 'ella');
insert into post_comment (post_id, user_id, parent_comment_id, content, created_at, modified_at, created_by, modified_by) values (14, 'ella2', null, 'Curabitur gravida nisi at nibh.', '2024-08-01 00:00:00', '2024-08-01 00:00:00', 'ella', 'ella2');
insert into post_comment (post_id, user_id, parent_comment_id, content, created_at, modified_at, created_by, modified_by) values (22, 'ella2', null, 'Nulla tempus.', '2024-08-01 00:00:00', '2024-08-01 00:00:00', 'ella2', 'ella2');
insert into post_comment (post_id, user_id, parent_comment_id, content, created_at, modified_at, created_by, modified_by) values (43, 'ella', null, 'Duis consequat dui nec nisi volutpat eleifend.', '2024-08-01 00:00:00', '2024-08-01 00:00:00', 'ella2', 'ella2');
insert into post_comment (post_id, user_id, parent_comment_id, content, created_at, modified_at, created_by, modified_by) values (22, 'ella', null, 'Fusce lacus purus, aliquet at, feugiat non, pretium quis, lectus.', '2024-08-01 00:00:00', '2024-08-01 00:00:00', 'ella', 'ella');
insert into post_comment (post_id, user_id, parent_comment_id, content, created_at, modified_at, created_by, modified_by) values (23, 'ella2', null, 'In hac habitasse platea dictumst.', '2024-08-01 00:00:00', '2024-08-01 00:00:00', 'ella2', 'ella2');
insert into post_comment (post_id, user_id, parent_comment_id, content, created_at, modified_at, created_by, modified_by) values (5, 'ella', null, 'Donec ut mauris eget massa tempor convallis.', '2024-08-01 00:00:00', '2024-08-01 00:00:00', 'ella2', 'ella');
insert into post_comment (post_id, user_id, parent_comment_id, content, created_at, modified_at, created_by, modified_by) values (46, 'ella2', null, 'Aenean lectus.', '2024-08-01 00:00:00', '2024-08-01 00:00:00', 'ella2', 'ella2');
insert into post_comment (post_id, user_id, parent_comment_id, content, created_at, modified_at, created_by, modified_by) values (33, 'ella', null, 'In hac habitasse platea dictumst.', '2024-08-01 00:00:00', '2024-08-01 00:00:00', 'ella2', 'ella');
insert into post_comment (post_id, user_id, parent_comment_id, content, created_at, modified_at, created_by, modified_by) values (45, 'ella', null, 'Suspendisse potenti.', '2024-08-01 00:00:00', '2024-08-01 00:00:00', 'ella2', 'ella2');
insert into post_comment (post_id, user_id, parent_comment_id, content, created_at, modified_at, created_by, modified_by) values (38, 'ella', null, 'Morbi vestibulum, velit id pretium iaculis, diam erat fermentum justo, nec condimentum neque sapien placerat ante.', '2024-08-01 00:00:00', '2024-08-01 00:00:00', 'ella', 'ella2');
insert into post_comment (post_id, user_id, parent_comment_id, content, created_at, modified_at, created_by, modified_by) values (24, 'ella2', null, 'Vestibulum rutrum rutrum neque.', '2024-08-01 00:00:00', '2024-08-01 00:00:00', 'ella2', 'ella2');
insert into post_comment (post_id, user_id, parent_comment_id, content, created_at, modified_at, created_by, modified_by) values (8, 'ella2', null, 'Vivamus vestibulum sagittis sapien.', '2024-08-01 00:00:00', '2024-08-01 00:00:00', 'ella', 'ella2');
insert into post_comment (post_id, user_id, parent_comment_id, content, created_at, modified_at, created_by, modified_by) values (8, 'ella', null, 'Proin eu mi.', '2024-08-01 00:00:00', '2024-08-01 00:00:00', 'ella2', 'ella');
insert into post_comment (post_id, user_id, parent_comment_id, content, created_at, modified_at, created_by, modified_by) values (38, 'ella', null, 'Nunc rhoncus dui vel sem.', '2024-08-01 00:00:00', '2024-08-01 00:00:00', 'ella', 'ella2');
insert into post_comment (post_id, user_id, parent_comment_id, content, created_at, modified_at, created_by, modified_by) values (37, 'ella2', null, 'Donec ut dolor.', '2024-08-01 00:00:00', '2024-08-01 00:00:00', 'ella2', 'ella2');
insert into post_comment (post_id, user_id, parent_comment_id, content, created_at, modified_at, created_by, modified_by) values (35, 'ella2', null, 'Vestibulum ante ipsum primis in faucibus orci luctus et ultrices posuere cubilia Curae; Nulla dapibus dolor vel est.', '2024-08-01 00:00:00', '2024-08-01 00:00:00', 'ella2', 'ella2');
insert into post_comment (post_id, user_id, parent_comment_id, content, created_at, modified_at, created_by, modified_by) values (47, 'ella2', null, 'Fusce lacus purus, aliquet at, feugiat non, pretium quis, lectus.', '2024-08-01 00:00:00', '2024-08-01 00:00:00', 'ella', 'ella');
insert into post_comment (post_id, user_id, parent_comment_id, content, created_at, modified_at, created_by, modified_by) values (17, 'ella2', null, 'Phasellus in felis.', '2024-08-01 00:00:00', '2024-08-01 00:00:00', 'ella', 'ella');
insert into post_comment (post_id, user_id, parent_comment_id, content, created_at, modified_at, created_by, modified_by) values (44, 'ella2', null, 'Donec ut mauris eget massa tempor convallis.', '2024-08-01 00:00:00', '2024-08-01 00:00:00', 'ella', 'ella');
insert into post_comment (post_id, user_id, parent_comment_id, content, created_at, modified_at, created_by, modified_by) values (6, 'ella', null, 'Curabitur in libero ut massa volutpat convallis.', '2024-08-01 00:00:00', '2024-08-01 00:00:00', 'ella', 'ella');
insert into post_comment (post_id, user_id, parent_comment_id, content, created_at, modified_at, created_by, modified_by) values (45, 'ella2', null, 'Fusce lacus purus, aliquet at, feugiat non, pretium quis, lectus.', '2024-08-01 00:00:00', '2024-08-01 00:00:00', 'ella', 'ella2');
insert into post_comment (post_id, user_id, parent_comment_id, content, created_at, modified_at, created_by, modified_by) values (29, 'ella', null, 'Nullam molestie nibh in lectus.', '2024-08-01 00:00:00', '2024-08-01 00:00:00', 'ella2', 'ella2');
insert into post_comment (post_id, user_id, parent_comment_id, content, created_at, modified_at, created_by, modified_by) values (10, 'ella2', null, 'Pellentesque at nulla.', '2024-08-01 00:00:00', '2024-08-01 00:00:00', 'ella', 'ella2');
insert into post_comment (post_id, user_id, parent_comment_id, content, created_at, modified_at, created_by, modified_by) values (33, 'ella2', null, 'Donec ut dolor.', '2024-08-01 00:00:00', '2024-08-01 00:00:00', 'ella2', 'ella2');
insert into post_comment (post_id, user_id, parent_comment_id, content, created_at, modified_at, created_by, modified_by) values (24, 'ella2', null, 'Praesent blandit lacinia erat.', '2024-08-01 00:00:00', '2024-08-01 00:00:00', 'ella', 'ella2');
insert into post_comment (post_id, user_id, parent_comment_id, content, created_at, modified_at, created_by, modified_by) values (42, 'ella', null, 'Ut tellus.', '2024-08-01 00:00:00', '2024-08-01 00:00:00', 'ella2', 'ella2');
insert into post_comment (post_id, user_id, parent_comment_id, content, created_at, modified_at, created_by, modified_by) values (36, 'ella2', null, 'Nam nulla.', '2024-08-01 00:00:00', '2024-08-01 00:00:00', 'ella2', 'ella2');
insert into post_comment (post_id, user_id, parent_comment_id, content, created_at, modified_at, created_by, modified_by) values (39, 'ella', null, 'Fusce congue, diam id ornare imperdiet, sapien urna pretium nisl, ut volutpat sapien arcu sed augue.', '2024-08-01 00:00:00', '2024-08-01 00:00:00', 'ella2', 'ella');
insert into post_comment (post_id, user_id, parent_comment_id, content, created_at, modified_at, created_by, modified_by) values (3, 'ella', null, 'Integer a nibh.', '2024-08-01 00:00:00', '2024-08-01 00:00:00', 'ella', 'ella2');
insert into post_comment (post_id, user_id, parent_comment_id, content, created_at, modified_at, created_by, modified_by) values (45, 'ella2', null, 'Quisque id justo sit amet sapien dignissim vestibulum.', '2024-08-01 00:00:00', '2024-08-01 00:00:00', 'ella', 'ella2');
insert into post_comment (post_id, user_id, parent_comment_id, content, created_at, modified_at, created_by, modified_by) values (22, 'ella2', null, 'Etiam faucibus cursus urna.', '2024-08-01 00:00:00', '2024-08-01 00:00:00', 'ella', 'ella');
insert into post_comment (post_id, user_id, parent_comment_id, content, created_at, modified_at, created_by, modified_by) values (12, 'ella', null, 'Vestibulum ante ipsum primis in faucibus orci luctus et ultrices posuere cubilia Curae; Duis faucibus accumsan odio.', '2024-08-01 00:00:00', '2024-08-01 00:00:00', 'ella', 'ella');
insert into post_comment (post_id, user_id, parent_comment_id, content, created_at, modified_at, created_by, modified_by) values (47, 'ella', null, 'Integer tincidunt ante vel ipsum.', '2024-08-01 00:00:00', '2024-08-01 00:00:00', 'ella2', 'ella');
insert into post_comment (post_id, user_id, parent_comment_id, content, created_at, modified_at, created_by, modified_by) values (19, 'ella', null, 'Donec semper sapien a libero.', '2024-08-01 00:00:00', '2024-08-01 00:00:00', 'ella2', 'ella');
insert into post_comment (post_id, user_id, parent_comment_id, content, created_at, modified_at, created_by, modified_by) values (11, 'ella2', null, 'Nulla facilisi.', '2024-08-01 00:00:00', '2024-08-01 00:00:00', 'ella', 'ella');
insert into post_comment (post_id, user_id, parent_comment_id, content, created_at, modified_at, created_by, modified_by) values (21, 'ella2', null, 'Maecenas leo odio, condimentum id, luctus nec, molestie sed, justo.', '2024-08-01 00:00:00', '2024-08-01 00:00:00', 'ella2', 'ella');
insert into post_comment (post_id, user_id, parent_comment_id, content, created_at, modified_at, created_by, modified_by) values (40, 'ella2', null, 'Morbi porttitor lorem id ligula.', '2024-08-01 00:00:00', '2024-08-01 00:00:00', 'ella2', 'ella2');
insert into post_comment (post_id, user_id, parent_comment_id, content, created_at, modified_at, created_by, modified_by) values (35, 'ella2', null, 'Vestibulum rutrum rutrum neque.', '2024-08-01 00:00:00', '2024-08-01 00:00:00', 'ella2', 'ella');
insert into post_comment (post_id, user_id, parent_comment_id, content, created_at, modified_at, created_by, modified_by) values (1, 'ella', null, 'Maecenas leo odio, condimentum id, luctus nec, molestie sed, justo.', '2024-08-01 00:00:00', '2024-08-01 00:00:00', 'ella', 'ella2');
insert into post_comment (post_id, user_id, parent_comment_id, content, created_at, modified_at, created_by, modified_by) values (35, 'ella', null, 'In congue.', '2024-08-01 00:00:00', '2024-08-01 00:00:00', 'ella2', 'ella');
insert into post_comment (post_id, user_id, parent_comment_id, content, created_at, modified_at, created_by, modified_by) values (28, 'ella2', null, 'Suspendisse accumsan tortor quis turpis.', '2024-08-01 00:00:00', '2024-08-01 00:00:00', 'ella', 'ella2');
insert into post_comment (post_id, user_id, parent_comment_id, content, created_at, modified_at, created_by, modified_by) values (9, 'ella', null, 'Morbi quis tortor id nulla ultrices aliquet.', '2024-08-01 00:00:00', '2024-08-01 00:00:00', 'ella2', 'ella');
insert into post_comment (post_id, user_id, parent_comment_id, content, created_at, modified_at, created_by, modified_by) values (36, 'ella', null, 'Vestibulum rutrum rutrum neque.', '2024-08-01 00:00:00', '2024-08-01 00:00:00', 'ella2', 'ella');
insert into post_comment (post_id, user_id, parent_comment_id, content, created_at, modified_at, created_by, modified_by) values (29, 'ella2', null, 'Vivamus vestibulum sagittis sapien.', '2024-08-01 00:00:00', '2024-08-01 00:00:00', 'ella', 'ella2');
insert into post_comment (post_id, user_id, parent_comment_id, content, created_at, modified_at, created_by, modified_by) values (14, 'ella', null, 'Pellentesque viverra pede ac diam.', '2024-08-01 00:00:00', '2024-08-01 00:00:00', 'ella', 'ella2');
insert into post_comment (post_id, user_id, parent_comment_id, content, created_at, modified_at, created_by, modified_by) values (41, 'ella2', null, 'Aliquam non mauris.', '2024-08-01 00:00:00', '2024-08-01 00:00:00', 'ella', 'ella2');
insert into post_comment (post_id, user_id, parent_comment_id, content, created_at, modified_at, created_by, modified_by) values (5, 'ella', null, 'Nullam orci pede, venenatis non, sodales sed, tincidunt eu, felis.', '2024-08-01 00:00:00', '2024-08-01 00:00:00', 'ella', 'ella');
insert into post_comment (post_id, user_id, parent_comment_id, content, created_at, modified_at, created_by, modified_by) values (47, 'ella', null, 'Mauris ullamcorper purus sit amet nulla.', '2024-08-01 00:00:00', '2024-08-01 00:00:00', 'ella', 'ella');
insert into post_comment (post_id, user_id, parent_comment_id, content, created_at, modified_at, created_by, modified_by) values (34, 'ella', null, 'Suspendisse potenti.', '2024-08-01 00:00:00', '2024-08-01 00:00:00', 'ella2', 'ella');
insert into post_comment (post_id, user_id, parent_comment_id, content, created_at, modified_at, created_by, modified_by) values (1, 'ella2', null, 'Nam tristique tortor eu pede.', '2024-08-01 00:00:00', '2024-08-01 00:00:00', 'ella2', 'ella');
insert into post_comment (post_id, user_id, parent_comment_id, content, created_at, modified_at, created_by, modified_by) values (28, 'ella', null, 'Fusce congue, diam id ornare imperdiet, sapien urna pretium nisl, ut volutpat sapien arcu sed augue.', '2024-08-01 00:00:00', '2024-08-01 00:00:00', 'ella', 'ella2');
insert into post_comment (post_id, user_id, parent_comment_id, content, created_at, modified_at, created_by, modified_by) values (3, 'ella2', null, 'Integer pede justo, lacinia eget, tincidunt eget, tempus vel, pede.', '2024-08-01 00:00:00', '2024-08-01 00:00:00', 'ella2', 'ella');
insert into post_comment (post_id, user_id, parent_comment_id, content, created_at, modified_at, created_by, modified_by) values (7, 'ella', null, 'In tempor, turpis nec euismod scelerisque, quam turpis adipiscing lorem, vitae mattis nibh ligula nec sem.', '2024-08-01 00:00:00', '2024-08-01 00:00:00', 'ella2', 'ella2');
insert into post_comment (post_id, user_id, parent_comment_id, content, created_at, modified_at, created_by, modified_by) values (44, 'ella2', null, 'In sagittis dui vel nisl.', '2024-08-01 00:00:00', '2024-08-01 00:00:00', 'ella2', 'ella2');
insert into post_comment (post_id, user_id, parent_comment_id, content, created_at, modified_at, created_by, modified_by) values (29, 'ella2', null, 'Proin at turpis a pede posuere nonummy.', '2024-08-01 00:00:00', '2024-08-01 00:00:00', 'ella2', 'ella');
insert into post_comment (post_id, user_id, parent_comment_id, content, created_at, modified_at, created_by, modified_by) values (23, 'ella2', null, 'Fusce congue, diam id ornare imperdiet, sapien urna pretium nisl, ut volutpat sapien arcu sed augue.', '2024-08-01 00:00:00', '2024-08-01 00:00:00', 'ella', 'ella2');
insert into post_comment (post_id, user_id, parent_comment_id, content, created_at, modified_at, created_by, modified_by) values (6, 'ella', null, 'Donec semper sapien a libero.', '2024-08-01 00:00:00', '2024-08-01 00:00:00', 'ella', 'ella');
insert into post_comment (post_id, user_id, parent_comment_id, content, created_at, modified_at, created_by, modified_by) values (33, 'ella', null, 'Maecenas pulvinar lobortis est.', '2024-08-01 00:00:00', '2024-08-01 00:00:00', 'ella', 'ella');
insert into post_comment (post_id, user_id, parent_comment_id, content, created_at, modified_at, created_by, modified_by) values (13, 'ella', null, 'Curabitur in libero ut massa volutpat convallis.', '2024-08-01 00:00:00', '2024-08-01 00:00:00', 'ella2', 'ella');
insert into post_comment (post_id, user_id, parent_comment_id, content, created_at, modified_at, created_by, modified_by) values (43, 'ella', null, 'Cras in purus eu magna vulputate luctus.', '2024-08-01 00:00:00', '2024-08-01 00:00:00', 'ella', 'ella');
insert into post_comment (post_id, user_id, parent_comment_id, content, created_at, modified_at, created_by, modified_by) values (36, 'ella', null, 'Donec posuere metus vitae ipsum.', '2024-08-01 00:00:00', '2024-08-01 00:00:00', 'ella', 'ella');
insert into post_comment (post_id, user_id, parent_comment_id, content, created_at, modified_at, created_by, modified_by) values (33, 'ella2', null, 'Duis bibendum, felis sed interdum venenatis, turpis enim blandit mi, in porttitor pede justo eu massa.', '2024-08-01 00:00:00', '2024-08-01 00:00:00', 'ella', 'ella2');
insert into post_comment (post_id, user_id, parent_comment_id, content, created_at, modified_at, created_by, modified_by) values (11, 'ella', null, 'Curabitur gravida nisi at nibh.', '2024-08-01 00:00:00', '2024-08-01 00:00:00', 'ella2', 'ella2');
insert into post_comment (post_id, user_id, parent_comment_id, content, created_at, modified_at, created_by, modified_by) values (30, 'ella2', null, 'Sed vel enim sit amet nunc viverra dapibus.', '2024-08-01 00:00:00', '2024-08-01 00:00:00', 'ella2', 'ella');
insert into post_comment (post_id, user_id, parent_comment_id, content, created_at, modified_at, created_by, modified_by) values (5, 'ella2', null, 'Praesent blandit lacinia erat.', '2024-08-01 00:00:00', '2024-08-01 00:00:00', 'ella2', 'ella2');
insert into post_comment (post_id, user_id, parent_comment_id, content, created_at, modified_at, created_by, modified_by) values (10, 'ella', null, 'Morbi odio odio, elementum eu, interdum eu, tincidunt in, leo.', '2024-08-01 00:00:00', '2024-08-01 00:00:00', 'ella', 'ella2');
insert into post_comment (post_id, user_id, parent_comment_id, content, created_at, modified_at, created_by, modified_by) values (9, 'ella', null, 'Maecenas tincidunt lacus at velit.', '2024-08-01 00:00:00', '2024-08-01 00:00:00', 'ella2', 'ella');
insert into post_comment (post_id, user_id, parent_comment_id, content, created_at, modified_at, created_by, modified_by) values (17, 'ella', null, 'Cum sociis natoque penatibus et magnis dis parturient montes, nascetur ridiculus mus.', '2024-08-01 00:00:00', '2024-08-01 00:00:00', 'ella', 'ella2');
insert into post_comment (post_id, user_id, parent_comment_id, content, created_at, modified_at, created_by, modified_by) values (30, 'ella2', null, 'Donec diam neque, vestibulum eget, vulputate ut, ultrices vel, augue.', '2024-08-01 00:00:00', '2024-08-01 00:00:00', 'ella2', 'ella2');
insert into post_comment (post_id, user_id, parent_comment_id, content, created_at, modified_at, created_by, modified_by) values (19, 'ella', null, 'Praesent lectus.', '2024-08-01 00:00:00', '2024-08-01 00:00:00', 'ella2', 'ella');
insert into post_comment (post_id, user_id, parent_comment_id, content, created_at, modified_at, created_by, modified_by) values (27, 'ella', null, 'Donec diam neque, vestibulum eget, vulputate ut, ultrices vel, augue.', '2024-08-01 00:00:00', '2024-08-01 00:00:00', 'ella', 'ella2');
insert into post_comment (post_id, user_id, parent_comment_id, content, created_at, modified_at, created_by, modified_by) values (16, 'ella', null, 'Fusce consequat.', '2024-08-01 00:00:00', '2024-08-01 00:00:00', 'ella', 'ella2');
insert into post_comment (post_id, user_id, parent_comment_id, content, created_at, modified_at, created_by, modified_by) values (5, 'ella', null, 'Nunc purus.', '2024-08-01 00:00:00', '2024-08-01 00:00:00', 'ella', 'ella2');
insert into post_comment (post_id, user_id, parent_comment_id, content, created_at, modified_at, created_by, modified_by) values (46, 'ella2', null, 'Nullam porttitor lacus at turpis.', '2024-08-01 00:00:00', '2024-08-01 00:00:00', 'ella', 'ella2');
insert into post_comment (post_id, user_id, parent_comment_id, content, created_at, modified_at, created_by, modified_by) values (7, 'ella2', null, 'Vivamus metus arcu, adipiscing molestie, hendrerit at, vulputate vitae, nisl.', '2024-08-01 00:00:00', '2024-08-01 00:00:00', 'ella2', 'ella2');
insert into post_comment (post_id, user_id, parent_comment_id, content, created_at, modified_at, created_by, modified_by) values (49, 'ella', null, 'Maecenas pulvinar lobortis est.', '2024-08-01 00:00:00', '2024-08-01 00:00:00', 'ella', 'ella2');
insert into post_comment (post_id, user_id, parent_comment_id, content, created_at, modified_at, created_by, modified_by) values (25, 'ella2', null, 'Morbi ut odio.', '2024-08-01 00:00:00', '2024-08-01 00:00:00', 'ella2', 'ella');
insert into post_comment (post_id, user_id, parent_comment_id, content, created_at, modified_at, created_by, modified_by) values (22, 'ella', null, 'Maecenas pulvinar lobortis est.', '2024-08-01 00:00:00', '2024-08-01 00:00:00', 'ella', 'ella2');
insert into post_comment (post_id, user_id, parent_comment_id, content, created_at, modified_at, created_by, modified_by) values (8, 'ella', null, 'Praesent lectus.', '2024-08-01 00:00:00', '2024-08-01 00:00:00', 'ella2', 'ella2');
insert into post_comment (post_id, user_id, parent_comment_id, content, created_at, modified_at, created_by, modified_by) values (34, 'ella', null, 'Aenean fermentum.', '2024-08-01 00:00:00', '2024-08-01 00:00:00', 'ella2', 'ella2');
insert into post_comment (post_id, user_id, parent_comment_id, content, created_at, modified_at, created_by, modified_by) values (24, 'ella2', null, 'Nulla justo.', '2024-08-01 00:00:00', '2024-08-01 00:00:00', 'ella2', 'ella2');
insert into post_comment (post_id, user_id, parent_comment_id, content, created_at, modified_at, created_by, modified_by) values (30, 'ella', null, 'Pellentesque at nulla.', '2024-08-01 00:00:00', '2024-08-01 00:00:00', 'ella2', 'ella2');
insert into post_comment (post_id, user_id, parent_comment_id, content, created_at, modified_at, created_by, modified_by) values (29, 'ella2', null, 'Nulla justo.', '2024-08-01 00:00:00', '2024-08-01 00:00:00', 'ella', 'ella2');


-- hashtag (15)
insert into hashtag (hashtag_name, created_at, modified_at, created_by, modified_by) values ('Tunisia', now(), now(), 'ella', 'ella');
insert into hashtag (hashtag_name, created_at, modified_at, created_by, modified_by) values ('Philippines', now(), now(), 'ella', 'ella');
insert into hashtag (hashtag_name, created_at, modified_at, created_by, modified_by) values ('United States', now(), now(), 'ella', 'ella');
insert into hashtag (hashtag_name, created_at, modified_at, created_by, modified_by) values ('Indonesia', now(), now(), 'ella', 'ella');
insert into hashtag (hashtag_name, created_at, modified_at, created_by, modified_by) values ('Latvia', now(), now(), 'ella', 'ella');
insert into hashtag (hashtag_name, created_at, modified_at, created_by, modified_by) values ('Argentina', now(), now(), 'ella', 'ella');
insert into hashtag (hashtag_name, created_at, modified_at, created_by, modified_by) values ('Brazil', now(), now(), 'ella', 'ella');
insert into hashtag (hashtag_name, created_at, modified_at, created_by, modified_by) values ('Poland', now(), now(), 'ella', 'ella');
insert into hashtag (hashtag_name, created_at, modified_at, created_by, modified_by) values ('Norway', now(), now(), 'ella', 'ella');
insert into hashtag (hashtag_name, created_at, modified_at, created_by, modified_by) values ('South Korea', now(), now(), 'ella', 'ella');
insert into hashtag (hashtag_name, created_at, modified_at, created_by, modified_by) values ('Japan', now(), now(), 'ella', 'ella');
insert into hashtag (hashtag_name, created_at, modified_at, created_by, modified_by) values ('Zimbabwe', now(), now(), 'ella', 'ella');
insert into hashtag (hashtag_name, created_at, modified_at, created_by, modified_by) values ('Sweden', now(), now(), 'ella', 'ella');
insert into hashtag (hashtag_name, created_at, modified_at, created_by, modified_by) values ('Costa Rica', now(), now(), 'ella', 'ella');
insert into hashtag (hashtag_name, created_at, modified_at, created_by, modified_by) values ('China', now(), now(), 'ella', 'ella');


-- post_hashtag (100)
insert into post_hashtag (post_id, hashtag_id) values (15, 12);
insert into post_hashtag (post_id, hashtag_id) values (49, 7);
insert into post_hashtag (post_id, hashtag_id) values (2, 12);
insert into post_hashtag (post_id, hashtag_id) values (6, 13);
insert into post_hashtag (post_id, hashtag_id) values (40, 13);
insert into post_hashtag (post_id, hashtag_id) values (39, 14);
insert into post_hashtag (post_id, hashtag_id) values (6, 7);
insert into post_hashtag (post_id, hashtag_id) values (48, 14);
insert into post_hashtag (post_id, hashtag_id) values (22, 6);
insert into post_hashtag (post_id, hashtag_id) values (41, 7);
insert into post_hashtag (post_id, hashtag_id) values (10, 3);
insert into post_hashtag (post_id, hashtag_id) values (1, 1);
insert into post_hashtag (post_id, hashtag_id) values (35, 10);
insert into post_hashtag (post_id, hashtag_id) values (6, 11);
insert into post_hashtag (post_id, hashtag_id) values (17, 12);
insert into post_hashtag (post_id, hashtag_id) values (50, 2);
insert into post_hashtag (post_id, hashtag_id) values (31, 10);
insert into post_hashtag (post_id, hashtag_id) values (13, 7);
insert into post_hashtag (post_id, hashtag_id) values (37, 9);
insert into post_hashtag (post_id, hashtag_id) values (1, 13);
insert into post_hashtag (post_id, hashtag_id) values (3, 13);
insert into post_hashtag (post_id, hashtag_id) values (1, 9);
insert into post_hashtag (post_id, hashtag_id) values (5, 15);
insert into post_hashtag (post_id, hashtag_id) values (26, 14);
insert into post_hashtag (post_id, hashtag_id) values (30, 3);
insert into post_hashtag (post_id, hashtag_id) values (48, 9);
insert into post_hashtag (post_id, hashtag_id) values (43, 1);
insert into post_hashtag (post_id, hashtag_id) values (38, 7);
insert into post_hashtag (post_id, hashtag_id) values (6, 2);
insert into post_hashtag (post_id, hashtag_id) values (24, 7);
insert into post_hashtag (post_id, hashtag_id) values (14, 1);
insert into post_hashtag (post_id, hashtag_id) values (25, 4);
insert into post_hashtag (post_id, hashtag_id) values (30, 1);
insert into post_hashtag (post_id, hashtag_id) values (46, 10);
insert into post_hashtag (post_id, hashtag_id) values (14, 10);
insert into post_hashtag (post_id, hashtag_id) values (20, 5);
insert into post_hashtag (post_id, hashtag_id) values (48, 15);
insert into post_hashtag (post_id, hashtag_id) values (44, 8);
insert into post_hashtag (post_id, hashtag_id) values (23, 6);
insert into post_hashtag (post_id, hashtag_id) values (5, 10);
insert into post_hashtag (post_id, hashtag_id) values (40, 14);
insert into post_hashtag (post_id, hashtag_id) values (1, 3);
insert into post_hashtag (post_id, hashtag_id) values (35, 7);
insert into post_hashtag (post_id, hashtag_id) values (34, 10);
insert into post_hashtag (post_id, hashtag_id) values (24, 15);
insert into post_hashtag (post_id, hashtag_id) values (39, 10);
insert into post_hashtag (post_id, hashtag_id) values (13, 11);
insert into post_hashtag (post_id, hashtag_id) values (48, 4);
insert into post_hashtag (post_id, hashtag_id) values (12, 12);
insert into post_hashtag (post_id, hashtag_id) values (7, 8);
insert into post_hashtag (post_id, hashtag_id) values (44, 3);
insert into post_hashtag (post_id, hashtag_id) values (48, 8);
insert into post_hashtag (post_id, hashtag_id) values (50, 1);
insert into post_hashtag (post_id, hashtag_id) values (42, 14);
insert into post_hashtag (post_id, hashtag_id) values (39, 9);
insert into post_hashtag (post_id, hashtag_id) values (25, 2);
insert into post_hashtag (post_id, hashtag_id) values (37, 6);
insert into post_hashtag (post_id, hashtag_id) values (19, 7);
insert into post_hashtag (post_id, hashtag_id) values (32, 15);
insert into post_hashtag (post_id, hashtag_id) values (9, 1);
insert into post_hashtag (post_id, hashtag_id) values (35, 8);
insert into post_hashtag (post_id, hashtag_id) values (38, 2);
insert into post_hashtag (post_id, hashtag_id) values (49, 12);
insert into post_hashtag (post_id, hashtag_id) values (7, 2);
insert into post_hashtag (post_id, hashtag_id) values (33, 7);
insert into post_hashtag (post_id, hashtag_id) values (40, 15);
insert into post_hashtag (post_id, hashtag_id) values (31, 14);
insert into post_hashtag (post_id, hashtag_id) values (12, 4);
insert into post_hashtag (post_id, hashtag_id) values (34, 7);
insert into post_hashtag (post_id, hashtag_id) values (22, 3);
insert into post_hashtag (post_id, hashtag_id) values (10, 8);
insert into post_hashtag (post_id, hashtag_id) values (25, 2);
insert into post_hashtag (post_id, hashtag_id) values (27, 4);
insert into post_hashtag (post_id, hashtag_id) values (43, 1);
insert into post_hashtag (post_id, hashtag_id) values (4, 1);
insert into post_hashtag (post_id, hashtag_id) values (16, 13);
insert into post_hashtag (post_id, hashtag_id) values (28, 8);
insert into post_hashtag (post_id, hashtag_id) values (41, 9);
insert into post_hashtag (post_id, hashtag_id) values (37, 12);
insert into post_hashtag (post_id, hashtag_id) values (40, 9);
insert into post_hashtag (post_id, hashtag_id) values (24, 7);
insert into post_hashtag (post_id, hashtag_id) values (43, 9);
insert into post_hashtag (post_id, hashtag_id) values (8, 13);
insert into post_hashtag (post_id, hashtag_id) values (36, 10);
insert into post_hashtag (post_id, hashtag_id) values (34, 10);
insert into post_hashtag (post_id, hashtag_id) values (27, 3);
insert into post_hashtag (post_id, hashtag_id) values (8, 7);
insert into post_hashtag (post_id, hashtag_id) values (21, 11);
insert into post_hashtag (post_id, hashtag_id) values (27, 4);
insert into post_hashtag (post_id, hashtag_id) values (30, 7);
insert into post_hashtag (post_id, hashtag_id) values (11, 9);
insert into post_hashtag (post_id, hashtag_id) values (31, 14);
insert into post_hashtag (post_id, hashtag_id) values (24, 6);
insert into post_hashtag (post_id, hashtag_id) values (42, 4);
insert into post_hashtag (post_id, hashtag_id) values (10, 12);
insert into post_hashtag (post_id, hashtag_id) values (27, 11);
insert into post_hashtag (post_id, hashtag_id) values (40, 3);
insert into post_hashtag (post_id, hashtag_id) values (20, 4);
insert into post_hashtag (post_id, hashtag_id) values (19, 15);
insert into post_hashtag (post_id, hashtag_id) values (21, 13);

-- -- like (3)
insert into "like" (post_id, user_id, created_at, modified_at, created_by, modified_by) values (28, 'ella', '2024-08-05 02:34:15', '2024-08-06 18:42:14', 'ella', 'ella');
insert into "like" (post_id, user_id, created_at, modified_at, created_by, modified_by) values (49, 'ella', '2024-08-05 02:34:15', '2024-08-06 18:42:14', 'ella', 'ella');
insert into "like" (post_id, user_id, created_at, modified_at, created_by, modified_by) values (49, 'ella2', '2024-08-05 02:34:15', '2024-08-06 18:42:14', 'ella2', 'ella2');